"In a structured context, it can be observed that the student completed a project carefully."
"This scenario suggests that she completed a plan carefully, representing an organized process."
"This scenario suggests that i built a project with consistency, representing an organized process."
"This scenario suggests that we built a report in a short time, representing an organized process."
"From an analytical perspective, they completed the assignment with precision, which reflects a consistent pattern."
"From an analytical perspective, the worker reviewed the process with attention to detail, which reflects a consistent pattern."
"This scenario suggests that we built a study carefully, representing an organized process."
"From an analytical perspective, the teacher reviewed the assignment as part of routine work, which reflects a consistent pattern."
"In a structured context, it can be observed that the teacher analyzed a project with consistency."
"A detailed observation indicates that he started a task independently, demonstrating typical behavior."
"This scenario suggests that the worker completed the system as part of routine work, representing an organized process."
"A detailed observation indicates that i observed a report without delay, demonstrating typical behavior."
"In a structured context, it can be observed that the student reviewed a task last night."
"This scenario suggests that the teacher started the process under supervision, representing an organized process."
"A detailed observation indicates that the worker finished a plan as expected, demonstrating typical behavior."
"It is evident that the student analyzed a study with great effort, highlighting a systematic approach."
"A detailed observation indicates that the worker observed the system in a structured manner, demonstrating typical behavior."
"In a structured context, it can be observed that the teacher completed the schedule as part of routine work."
"In a structured context, it can be observed that the student organized the process with attention to detail."
"In a structured context, it can be observed that they started a report with attention to detail."
"This scenario suggests that the worker created a report under supervision, representing an organized process."
"It is evident that the student observed a report during the day, highlighting a systematic approach."
"In a structured context, it can be observed that our team started a task during the day."
"It is evident that i finished a routine in a systematic way, highlighting a systematic approach."
"It is evident that i planned the process collaboratively, highlighting a systematic approach."
"This scenario suggests that the student analyzed a study in a systematic way, representing an organized process."
"This scenario suggests that our team finished a task as expected, representing an organized process."
"From an analytical perspective, my friend reviewed a routine as part of routine work, which reflects a consistent pattern."
"From an analytical perspective, i completed the assignment as expected, which reflects a consistent pattern."
"In a structured context, it can be observed that the teacher completed the process with great effort."
"In a structured context, it can be observed that they observed a routine last night."
"From an analytical perspective, he finished a study carefully, which reflects a consistent pattern."
"From an analytical perspective, the worker observed the process under supervision, which reflects a consistent pattern."
"This scenario suggests that the student analyzed a project this week, representing an organized process."
"This scenario suggests that my friend started a project efficiently, representing an organized process."
"It is evident that the worker analyzed the schedule in the morning, highlighting a systematic approach."
"This scenario suggests that he created a project with attention to detail, representing an organized process."
"A detailed observation indicates that my friend reviewed a plan with consistency, demonstrating typical behavior."
"It is evident that i reviewed the assignment last night, highlighting a systematic approach."
"A detailed observation indicates that she finished a plan in a systematic way, demonstrating typical behavior."
"It is evident that she created the assignment carefully, highlighting a systematic approach."
"In a structured context, it can be observed that the student reviewed the schedule this week."
"A detailed observation indicates that my friend created a routine with precision, demonstrating typical behavior."
"From an analytical perspective, our team created the assignment during the day, which reflects a consistent pattern."
"From an analytical perspective, he completed the schedule carefully, which reflects a consistent pattern."
"It is evident that the worker finished a plan in a short time, highlighting a systematic approach."
"From an analytical perspective, the worker created the assignment with consistency, which reflects a consistent pattern."
"A detailed observation indicates that he started a project in a short time, demonstrating typical behavior."
"From an analytical perspective, he built a plan with great effort, which reflects a consistent pattern."
"It is evident that he analyzed the process with great effort, highlighting a systematic approach."
"This scenario suggests that the teacher completed a project as expected, representing an organized process."
"It is evident that we organized the process with precision, highlighting a systematic approach."
"This scenario suggests that she analyzed a report as part of routine work, representing an organized process."
"A detailed observation indicates that the student observed a report in a structured manner, demonstrating typical behavior."
"A detailed observation indicates that she built a task with precision, demonstrating typical behavior."
"It is evident that the teacher built a study in a structured manner, highlighting a systematic approach."
"A detailed observation indicates that my friend completed a plan last night, demonstrating typical behavior."
"This scenario suggests that my friend built the system in a structured manner, representing an organized process."
"From an analytical perspective, she built a plan with attention to detail, which reflects a consistent pattern."
"A detailed observation indicates that our team planned a project collaboratively, demonstrating typical behavior."
"It is evident that they analyzed the assignment as part of routine work, highlighting a systematic approach."
"This scenario suggests that they created a plan with precision, representing an organized process."
"This scenario suggests that i analyzed a routine with precision, representing an organized process."
"In a structured context, it can be observed that the student planned a routine in the morning."
"A detailed observation indicates that he organized a task in a systematic way, demonstrating typical behavior."
"It is evident that our team completed a plan as part of routine work, highlighting a systematic approach."
"This scenario suggests that we completed the system in a short time, representing an organized process."
"In a structured context, it can be observed that the student created the schedule this week."
"It is evident that our team built a project during the day, highlighting a systematic approach."
"A detailed observation indicates that the worker reviewed the system with great effort, demonstrating typical behavior."
"From an analytical perspective, the worker completed a plan as part of routine work, which reflects a consistent pattern."
"In a structured context, it can be observed that the worker observed a report carefully."
"This scenario suggests that she created a plan carefully, representing an organized process."
"It is evident that he planned a routine independently, highlighting a systematic approach."
"In a structured context, it can be observed that the teacher planned the system last night."
"It is evident that the worker planned a study independently, highlighting a systematic approach."
"From an analytical perspective, my friend finished a routine efficiently, which reflects a consistent pattern."
"From an analytical perspective, my friend observed the schedule successfully, which reflects a consistent pattern."
"From an analytical perspective, our team analyzed the process in a systematic way, which reflects a consistent pattern."
"A detailed observation indicates that he reviewed a report carefully, demonstrating typical behavior."
"From an analytical perspective, our team analyzed the schedule carefully, which reflects a consistent pattern."
"From an analytical perspective, they completed the assignment with great effort, which reflects a consistent pattern."
"It is evident that he observed the schedule with great effort, highlighting a systematic approach."
"A detailed observation indicates that they planned a report without delay, demonstrating typical behavior."
"This scenario suggests that we planned a routine last night, representing an organized process."
"In a structured context, it can be observed that the student observed a study during the day."
"In a structured context, it can be observed that the teacher created a study with attention to detail."
"This scenario suggests that our team analyzed the system efficiently, representing an organized process."
"From an analytical perspective, she observed a study as part of routine work, which reflects a consistent pattern."
"This scenario suggests that we observed the schedule with great effort, representing an organized process."
"A detailed observation indicates that my friend organized the assignment as part of routine work, demonstrating typical behavior."
"In a structured context, it can be observed that she created a routine independently."
"From an analytical perspective, the teacher planned a report with precision, which reflects a consistent pattern."
"From an analytical perspective, i reviewed the assignment during the day, which reflects a consistent pattern."
"In a structured context, it can be observed that our team observed the assignment in a structured manner."
"In a structured context, it can be observed that i analyzed a task this week."
"This scenario suggests that he planned the process in a structured manner, representing an organized process."
"In a structured context, it can be observed that our team reviewed the process as expected."
"It is evident that he finished the process collaboratively, highlighting a systematic approach."
"In a structured context, it can be observed that the student started a task last night."
