content_text,author_type
model pattern learning research algorithm pattern data analysis,AI
network pattern research detection data algorithm learning algorithm generation generation data,AI
language system detection generation generation detection detection research model detection,AI
research learning research analysis generation language analysis data algorithm algorithm,AI
content research pattern data analysis learning data language analysis,AI
network language model learning analysis learning detection research generation learning analysis,AI
content model language language pattern data detection detection learning network analysis system generation,AI
generation generation system generation pattern research research language algorithm algorithm research data network model,AI
language research network generation analysis language detection generation detection,AI
detection generation detection system generation system pattern detection data data generation language,AI
learning data network data pattern algorithm system pattern data content language,AI
pattern network content system system research model content research algorithm analysis network language,AI
generation detection algorithm algorithm analysis content model language,AI
network detection content model pattern detection language model detection language content language data,AI
content algorithm learning language analysis learning content model data generation,AI
model language pattern model content system detection data data system network generation,AI
research pattern language algorithm content analysis data detection system research system algorithm research,AI
system language research research language data language pattern algorithm language system system,AI
pattern content network generation algorithm pattern pattern analysis system learning network research,AI
language analysis language content model content generation model content research detection content,AI
model analysis learning pattern algorithm pattern data analysis learning content,AI
learning model model pattern pattern learning generation pattern generation pattern content algorithm,AI
content network detection data network pattern generation pattern learning algorithm,AI
language network generation language algorithm content learning system model research algorithm language,AI
system algorithm system network system pattern generation data network system content model learning language,AI
algorithm content learning content language system data system analysis data research learning system,AI
data analysis content research algorithm data algorithm model language learning data generation analysis,AI
pattern analysis pattern algorithm algorithm research learning data,AI
analysis data network data learning data learning pattern pattern analysis,AI
algorithm learning system model model research model research detection model learning,AI
algorithm data pattern content model algorithm algorithm pattern learning analysis pattern analysis model language,AI
generation analysis detection analysis generation system model learning network,AI
detection detection analysis language generation content system learning language research,AI
model system model generation algorithm algorithm analysis pattern algorithm model research pattern analysis,AI
analysis algorithm system data research content system language,AI
pattern research detection learning pattern data content generation model analysis,AI
analysis detection network network language detection pattern research algorithm generation,AI
language model pattern learning system data model generation model pattern analysis network language research,AI
generation pattern system language detection generation analysis learning pattern system detection content network pattern,AI
analysis pattern learning research system generation system generation,AI
learning network language analysis analysis generation data generation data,AI
pattern algorithm algorithm algorithm analysis analysis algorithm network,AI
model content language algorithm content learning analysis analysis,AI
analysis pattern learning model detection learning algorithm algorithm detection language content pattern detection,AI
language network system data generation learning generation content generation generation language analysis model network,AI
model analysis generation data analysis language analysis language analysis algorithm,AI
data detection analysis system generation data algorithm learning learning network research system learning algorithm,AI
research analysis analysis content generation research generation algorithm pattern system language research,AI
algorithm model language generation network language learning algorithm model generation content system pattern,AI
algorithm system data research learning detection network detection network system,AI
analysis data data analysis language system learning generation,AI
model generation network research content learning model network data model language analysis,AI
language generation detection generation content learning generation generation generation content detection,AI
language network generation system learning analysis detection model generation generation learning analysis,AI
system algorithm language content network pattern network detection generation learning pattern,AI
learning network research analysis learning detection language generation pattern network system pattern network pattern,AI
research learning research language algorithm data network model model pattern system generation,AI
generation detection content research network pattern data research data generation,AI
research learning model algorithm learning content system language model learning network,AI
content pattern network model detection data content system model content,AI
language learning data research analysis research model content model system language analysis language,AI
pattern language system content language network learning detection model model,AI
system generation generation content pattern system network generation generation generation research detection,AI
network generation content learning pattern algorithm research detection,AI
data learning model analysis pattern algorithm analysis pattern detection analysis learning generation language generation,AI
research content analysis system generation detection network language algorithm system learning learning research research,AI
language network algorithm network model research content pattern,AI
analysis analysis pattern data generation network data content algorithm data,AI
pattern data research detection data pattern language learning analysis network analysis,AI
language language model detection research system learning pattern,AI
detection system system system model research model research pattern generation data,AI
research data network generation content detection pattern data network algorithm research,AI
content algorithm pattern learning pattern detection research analysis learning algorithm analysis,AI
content algorithm research pattern data data algorithm network,AI
detection system network algorithm generation generation learning model data,AI
detection pattern system pattern model research content learning content model model content language system,AI
network system model research research network network data generation generation detection language model system,AI
research research data model language model pattern content,AI
learning detection model detection analysis data data language system analysis,AI
pattern research network research system system content algorithm pattern research language,AI
network analysis content content content detection algorithm pattern generation pattern data analysis detection,AI
language algorithm system pattern network generation system generation learning content detection,AI
content research pattern data research pattern generation research network model generation,AI
learning detection network data pattern generation detection model model system,AI
language algorithm data research learning content system content,AI
data analysis network data research algorithm detection pattern learning,AI
network learning learning learning learning learning network model model content model research,AI
language data content analysis network model learning detection,AI
system language data network analysis generation generation generation detection analysis network pattern generation,AI
detection content algorithm system analysis learning language system detection system research,AI
